StartDate,EndDate,Status,IPAddress,Progress,Duration (in seconds),Finished,RecordedDate,ResponseId,RecipientLastName,RecipientFirstName,RecipientEmail,ExternalReference,LocationLatitude,LocationLongitude,DistributionChannel,UserLanguage,[coder],[tweet_ID],[news_outlet],"[tweet_topic] ",[tweet_topic] _11_TEXT,[hyperbolic_feature],[slang_feature],[listicle_feature],[emoji_feature],[hashtag_feature],[cap_feature],[punct_feature],[forw_ref_feature],[question_feature],[media_feature]
Start Date,End Date,Response Type,IP Address,Progress,Duration (in seconds),Finished,Recorded Date,Response ID,Recipient Last Name,Recipient First Name,Recipient Email,External Data Reference,Location Latitude,Location Longitude,Distribution Channel,User Language,This variable keeps track of who is coding.,"This variable is important as it identifies each individual tweet that is coded. The Twitter page of the tweet can accessed by inserting the Tweet ID into the following url: 
https://twitter.com/i/status/[Enter Tweet ID]. 
Insert the Tweet ID from the 'id' column of the tweets list provided.",Select the Twitter account of the news outlet where tweet is published. Retweets should also be attributed to the account.,"This variable will be used to identify the topic of the tweet, and will be recoded into 'hard' and 'soft' news topics. Based on the text of the tweet, identify the which of the following categories it falls under.  If there is some overlap between topics then that category should be chosen under which the news development is more associated with. For e.g if a tweet is about the Russian present - Selected Choice","This variable will be used to identify the topic of the tweet, and will be recoded into 'hard' and 'soft' news topics. Based on the text of the tweet, identify the which of the following categories it falls under.  If there is some overlap between topics then that category should be chosen under which the news development is more associated with. For e.g if a tweet is about the Russian present - Other - Text","The coder should report if the tweet contains hyperbolic words/phrases such as “amazing”, “greatest”, “best ever”, “of all time”, “incredible”, “mind blowing”, “epic” and others.



Illustration:","Identify whether internet slang words have been used in the tweet. Examples of such words are “OMG”, “AF”, “BFF”. These words may be in lower or upper case.



Illustration:","This variable determines whether a tweet utilizes the listicle structure. Listicles can usually be identified when a tweet starts with a number to arouse the reader’s curiosity.



Illustration:","The coder should identify if the tweet utilizes one or more emojis. These can range from face emojis, symbols, flags, hearts, objects among others. 

Illustration:","The coder should identify whether the tweet text includes hashtag/s or not.

Illustration:","Identify the presence of one or more capitalized/upper case words in the tweet text. These should not include words like “COVID-19” or names of organizations/political parties etc (“GOP”, “USA TODAY”). Instead they should be common nouns which were in all upper case letters. 
 

Illustration:","The coder should identify the presence of informal punctuation patterns in the tweet text. Examples of such patterns are ‘!?’, ‘...’, ‘***’, ‘!!!’.



Illustration:





​​​","Identify if forward referencing has been used in the tweet. The coder can usually identify this if the tweet starts with demonstrative pronouns (this, that, these, those), personal pronouns (he, she, they, it), or adverbs (here, there). It can be later on in the tweet as well. 



Illustration:","The coder should identify if the tweet text includes a question. Questions might be used to create a 'curiosity gap' among readers like in the illustration or might also be addressed to the reader for e.g 'Which do you think is a better movie?' 

Illustration:","This coder should identify if the tweet is accompanied by some media, and if so what type of media: photo, video or animated GIF. It should be noted that pictures which are part of a link (to an article or story) should be coded as not having any media, and not as a photo. 



Illustrations:"
"{""ImportId"":""startDate"",""timeZone"":""America/Denver""}","{""ImportId"":""endDate"",""timeZone"":""America/Denver""}","{""ImportId"":""status""}","{""ImportId"":""ipAddress""}","{""ImportId"":""progress""}","{""ImportId"":""duration""}","{""ImportId"":""finished""}","{""ImportId"":""recordedDate"",""timeZone"":""America/Denver""}","{""ImportId"":""_recordId""}","{""ImportId"":""recipientLastName""}","{""ImportId"":""recipientFirstName""}","{""ImportId"":""recipientEmail""}","{""ImportId"":""externalDataReference""}","{""ImportId"":""locationLatitude""}","{""ImportId"":""locationLongitude""}","{""ImportId"":""distributionChannel""}","{""ImportId"":""userLanguage""}","{""ImportId"":""QID15""}","{""ImportId"":""QID1_TEXT""}","{""ImportId"":""QID14""}","{""ImportId"":""QID2""}","{""ImportId"":""QID2_9_TEXT""}","{""ImportId"":""QID3""}","{""ImportId"":""QID4""}","{""ImportId"":""QID5""}","{""ImportId"":""QID6""}","{""ImportId"":""QID7""}","{""ImportId"":""QID9""}","{""ImportId"":""QID10""}","{""ImportId"":""QID11""}","{""ImportId"":""QID12""}","{""ImportId"":""QID13""}"
2021-12-07 05:36:30,2021-12-07 05:42:19,0,84.84.82.135,100,348,1,2021-12-07 05:42:19,R_3s1eJ2zLvCdmkZu,,,,,52.3712005615234375,4.9044036865234375,anonymous,EN,1,1007994175491457024,3,6,,1,0,1,0,0,0,0,0,0,3
2021-12-07 05:49:46,2021-12-07 05:51:02,0,84.84.82.135,100,76,1,2021-12-07 05:51:02,R_2qE2tRDyjXKJWrD,,,,,52.3712005615234375,4.9044036865234375,anonymous,EN,1,1067530029666574336,1,2,,0,0,0,0,0,0,0,0,1,3
2021-12-07 05:51:11,2021-12-07 05:54:04,0,84.84.82.135,100,172,1,2021-12-07 05:54:04,R_2PihJBFxCxDLFCs,,,,,52.3712005615234375,4.9044036865234375,anonymous,EN,1,1432568232783851524,1,6,,0,0,0,0,0,0,0,1,0,0
2021-12-07 06:03:37,2021-12-07 06:10:02,0,84.84.82.135,100,384,1,2021-12-07 06:10:02,R_2ymehnNS1lK4jhq,,,,,52.3712005615234375,4.9044036865234375,anonymous,EN,1,1456294623408754689,10,1,,0,0,0,0,0,0,0,0,0,0
2021-12-07 06:10:09,2021-12-07 06:12:04,0,84.84.82.135,100,114,1,2021-12-07 06:12:04,R_21gmpayX85eCeui,,,,,52.3712005615234375,4.9044036865234375,anonymous,EN,1,1062817976993234944,1,1,,0,0,0,0,0,0,0,0,0,3
2021-12-07 06:12:31,2021-12-07 06:16:36,0,84.84.82.135,100,244,1,2021-12-07 06:16:36,R_3ni8kXxla33yIcW,,,,,52.3712005615234375,4.9044036865234375,anonymous,EN,1,1452757642577911808,4,1,,0,0,0,0,0,0,0,1,0,0
2021-12-07 06:17:18,2021-12-07 06:20:26,0,84.84.82.135,100,188,1,2021-12-07 06:20:26,R_Tw9oX89otqvRM1H,,,,,52.3712005615234375,4.9044036865234375,anonymous,EN,1,1311519964705288193,7,1,,0,0,0,0,0,0,0,0,1,0
2021-12-07 06:20:41,2021-12-07 06:23:01,0,84.84.82.135,100,139,1,2021-12-07 06:23:01,R_123j2z5pt2AM2B1,,,,,52.3712005615234375,4.9044036865234375,anonymous,EN,1,1455905862493540364,8,8,,0,0,0,0,0,0,0,0,0,0
2021-12-07 06:23:08,2021-12-07 06:24:47,0,84.84.82.135,100,98,1,2021-12-07 06:24:47,R_1nUu1GllEtTaIKg,,,,,52.3712005615234375,4.9044036865234375,anonymous,EN,1,1354202506822373376,7,1,,0,0,0,0,0,0,0,0,0,0
2021-12-07 06:25:04,2021-12-07 06:26:41,0,84.84.82.135,100,96,1,2021-12-07 06:26:41,R_3oXhm6hDhkHv0kt,,,,,52.3712005615234375,4.9044036865234375,anonymous,EN,1,1422554150500438020,10,1,,0,0,0,0,0,0,0,0,0,0
2021-12-07 06:26:49,2021-12-07 06:30:50,0,84.84.82.135,100,240,1,2021-12-07 06:30:50,R_3GcW4NRpu2dFKK2,,,,,52.3712005615234375,4.9044036865234375,anonymous,EN,1,1433552945535086617,4,4,,0,0,0,0,0,0,0,0,0,0
2021-12-07 06:30:57,2021-12-07 06:32:35,0,84.84.82.135,100,98,1,2021-12-07 06:32:35,R_1eJ0PdNyWeor0WT,,,,,52.3712005615234375,4.9044036865234375,anonymous,EN,1,1425170908495425543,4,1,,0,0,0,0,0,0,0,0,0,0
2021-12-07 06:32:43,2021-12-07 06:35:47,0,84.84.82.135,100,184,1,2021-12-07 06:35:48,R_UuNuYQLQ3L6FMYN,,,,,52.3712005615234375,4.9044036865234375,anonymous,EN,1,1463524058335698944,8,8,,0,0,0,0,0,0,0,0,0,0
2021-12-07 06:36:07,2021-12-07 06:38:24,0,84.84.82.135,100,136,1,2021-12-07 06:38:24,R_1eCwDfwFgLtZ9J8,,,,,52.3712005615234375,4.9044036865234375,anonymous,EN,1,1460285207936970752,4,1,,0,0,0,0,0,0,0,0,0,0
2021-12-07 06:38:38,2021-12-07 06:39:52,0,84.84.82.135,100,74,1,2021-12-07 06:39:52,R_2aIC6yO1i2gJGC3,,,,,52.3712005615234375,4.9044036865234375,anonymous,EN,1,1113937057888395269,1,1,,0,0,0,0,,0,0,0,0,3
2021-12-07 06:44:47,2021-12-07 06:46:46,0,84.84.82.135,100,119,1,2021-12-07 06:46:46,R_BJvUrlweo5vr7od,,,,,52.3712005615234375,4.9044036865234375,anonymous,EN,1,1403702578697969665,6,10,,0,0,0,0,0,0,0,0,0,0
2021-12-07 06:47:02,2021-12-07 06:48:41,0,84.84.82.135,100,98,1,2021-12-07 06:48:42,R_BY7MhsuqgjiuF45,,,,,52.3712005615234375,4.9044036865234375,anonymous,EN,1,1460992358170783746,12,6,,0,0,0,0,1,0,0,0,0,0
2021-12-07 06:48:55,2021-12-07 06:51:19,0,84.84.82.135,100,143,1,2021-12-07 06:51:19,R_21yV0dBwJfbRHeX,,,,,52.3712005615234375,4.9044036865234375,anonymous,EN,1,1443497653078302721,4,1,,0,0,0,0,0,0,0,0,0,0
2021-12-07 06:51:40,2021-12-07 06:53:29,0,84.84.82.135,100,108,1,2021-12-07 06:53:29,R_3iIItSqCK2ntIfK,,,,,52.3712005615234375,4.9044036865234375,anonymous,EN,1,1437510103398191107,12,6,,0,0,0,0,0,0,0,0,0,0
2021-12-07 06:53:53,2021-12-07 07:02:13,0,84.84.82.135,100,499,1,2021-12-07 07:02:13,R_12FJDdRNoGK5Q4J,,,,,52.3712005615234375,4.9044036865234375,anonymous,EN,1,676482819833466880,2,6,,0,0,0,0,1,0,1,0,0,3
2021-12-07 07:15:25,2021-12-07 07:20:13,0,171.50.128.130,100,287,1,2021-12-07 07:20:13,R_1JXjRfNIjq3Dg57,,,,,28.4597015380859375,77.0281982421875,anonymous,EN,2,1007994175491457024,3,6,,1,0,1,0,0,0,0,0,0,3
2021-12-07 07:20:15,2021-12-07 07:21:51,0,171.50.128.130,100,95,1,2021-12-07 07:21:51,R_1f9PFthuSy8VL7A,,,,,28.4597015380859375,77.0281982421875,anonymous,EN,2,1067530029666574336,1,1,,0,0,0,0,0,0,0,0,1,3
2021-12-07 07:21:53,2021-12-07 07:23:32,0,171.50.128.130,100,98,1,2021-12-07 07:23:32,R_2Y4aYANzat81WMp,,,,,28.4597015380859375,77.0281982421875,anonymous,EN,2,1432568232783851524,4,6,,0,0,0,0,0,0,0,1,0,0
2021-12-07 07:23:35,2021-12-07 07:25:47,0,171.50.128.130,100,131,1,2021-12-07 07:25:47,R_3IaBT7gnZ0SLRjF,,,,,28.4597015380859375,77.0281982421875,anonymous,EN,2,1456294623408754689,10,1,,0,0,0,0,0,0,0,0,0,0
2021-12-07 07:25:49,2021-12-07 07:26:52,0,171.50.128.130,100,62,1,2021-12-07 07:26:52,R_2rDAw04io8jSlmw,,,,,28.4597015380859375,77.0281982421875,anonymous,EN,2,1062817976993234944,1,1,,0,0,0,0,0,0,0,0,0,3
2021-12-07 07:26:54,2021-12-07 07:28:51,0,171.50.128.130,100,116,1,2021-12-07 07:28:52,R_3OfgkvXEqf3BiZC,,,,,28.4597015380859375,77.0281982421875,anonymous,EN,2,1452757642577911808,4,10,,0,0,0,0,0,0,0,0,0,0
2021-12-07 07:28:53,2021-12-07 07:29:59,0,171.50.128.130,100,65,1,2021-12-07 07:29:59,R_1cYWklagCP6485C,,,,,28.4597015380859375,77.0281982421875,anonymous,EN,2,1311519964705288193,7,1,,0,0,0,0,0,0,0,0,1,0
2021-12-07 07:30:00,2021-12-07 07:31:45,0,171.50.128.130,100,104,1,2021-12-07 07:31:45,R_2RU1mIKGFZ0BHLB,,,,,28.4597015380859375,77.0281982421875,anonymous,EN,2,1455905862493540364,8,8,,0,0,0,0,0,0,0,0,0,0
2021-12-07 07:31:46,2021-12-07 07:36:52,0,171.50.128.130,100,305,1,2021-12-07 07:36:52,R_tPCfoqHWsERpzqh,,,,,28.4597015380859375,77.0281982421875,anonymous,EN,2,1354202506822373376,7,1,,0,0,0,0,0,0,0,0,0,0
2021-12-07 07:36:54,2021-12-07 07:38:03,0,171.50.128.130,100,69,1,2021-12-07 07:38:04,R_3R8S7z9ZgcoHhAQ,,,,,28.4597015380859375,77.0281982421875,anonymous,EN,2,1422554150500438020,10,1,,0,0,0,0,0,0,0,0,0,0
2021-12-07 07:38:05,2021-12-07 07:40:48,0,171.50.128.130,100,163,1,2021-12-07 07:40:49,R_2TyHy4AWG6TZdjF,,,,,28.4597015380859375,77.0281982421875,anonymous,EN,2,1433552945535086617,4,7,,0,0,0,0,0,0,0,0,0,0
2021-12-07 07:41:26,2021-12-07 07:44:07,0,171.50.128.130,100,161,1,2021-12-07 07:44:08,R_294SJKGKXX7FGaD,,,,,28.4597015380859375,77.0281982421875,anonymous,EN,2,1425170908495425543,4,1,,0,0,0,0,0,0,0,0,0,0
2021-12-07 07:44:09,2021-12-07 07:45:33,0,171.50.128.130,100,84,1,2021-12-07 07:45:34,R_3RmE47AqBahtxji,,,,,28.4597015380859375,77.0281982421875,anonymous,EN,2,1463524058335698944,8,8,,0,0,0,0,0,0,0,0,0,0
2021-12-07 07:45:35,2021-12-07 07:48:26,0,171.50.128.130,100,170,1,2021-12-07 07:48:26,R_32RTs8RMGseGWKU,,,,,28.4597015380859375,77.0281982421875,anonymous,EN,2,1460285207936970752,4,11,,0,0,0,0,0,0,0,0,0,0
2021-12-07 07:48:27,2021-12-07 07:49:19,0,171.50.128.130,100,52,1,2021-12-07 07:49:19,R_2TR8ovkmavqs579,,,,,28.4597015380859375,77.0281982421875,anonymous,EN,2,1113937057888395269,1,1,,0,0,0,0,0,0,0,0,0,3
2021-12-07 07:49:21,2021-12-07 07:51:22,0,171.50.128.130,100,121,1,2021-12-07 07:51:23,R_1Ns5cPLGGGBaCeR,,,,,28.4597015380859375,77.0281982421875,anonymous,EN,2,1403702578697969665,6,10,,0,0,0,0,0,0,0,0,0,0
2021-12-07 07:51:24,2021-12-07 07:52:52,0,171.50.128.130,100,87,1,2021-12-07 07:52:52,R_Re2ys8CMeZwj6JH,,,,,28.4597015380859375,77.0281982421875,anonymous,EN,2,1460992358170783746,12,6,,0,0,0,0,1,0,0,0,0,0
2021-12-07 07:52:53,2021-12-07 07:53:47,0,171.50.128.130,100,54,1,2021-12-07 07:53:48,R_3I4aVUaePo2Gxv4,,,,,28.4597015380859375,77.0281982421875,anonymous,EN,2,1443497653078302721,4,1,,0,0,0,0,0,0,0,0,0,0
2021-12-07 07:53:49,2021-12-07 07:54:46,0,171.50.128.130,100,57,1,2021-12-07 07:54:47,R_3rUijg8nMY5zi9S,,,,,28.4597015380859375,77.0281982421875,anonymous,EN,2,1437510103398191107,12,6,,0,0,0,0,0,0,0,0,0,0
2021-12-07 07:54:48,2021-12-07 07:56:30,0,171.50.128.130,100,101,1,2021-12-07 07:56:30,R_bQjNeuAhYrwyj8B,,,,,28.4597015380859375,77.0281982421875,anonymous,EN,2,676482819833466880,2,6,,0,0,0,0,1,0,1,0,0,3
2021-12-08 11:31:16,2021-12-08 11:46:22,0,84.84.82.135,100,906,1,2021-12-08 11:46:22,R_22P3DxwFHtcsK7j,,,,,52.3712005615234375,4.9044036865234375,anonymous,EN,1,971090358963666944,5,8,,0,0,0,0,0,0,0,0,0,3
2021-12-08 11:46:38,2021-12-08 11:49:35,0,84.84.82.135,100,177,1,2021-12-08 11:49:35,R_1OK47hSqB74rU7M,,,,,52.3712005615234375,4.9044036865234375,anonymous,EN,1,1405628070816407555,12,6,,1,0,0,0,0,0,0,0,0,2
2021-12-08 11:49:47,2021-12-08 11:51:13,0,84.84.82.135,100,85,1,2021-12-08 11:51:14,R_1j7E0z7uFIYYmwR,,,,,52.3712005615234375,4.9044036865234375,anonymous,EN,1,1457069529582944260,9,7,,0,0,0,0,0,0,0,0,0,0
2021-12-08 11:51:24,2021-12-08 11:56:35,0,84.84.82.135,100,311,1,2021-12-08 11:56:35,R_pc2ivaxPe9KFD5D,,,,,52.3712005615234375,4.9044036865234375,anonymous,EN,1,869255565620502529,5,6,,1,0,0,0,0,0,0,0,0,0
2021-12-08 11:56:44,2021-12-08 12:01:00,0,84.84.82.135,100,256,1,2021-12-08 12:01:01,R_w7Veqk9w8xCBbSp,,,,,52.3712005615234375,4.9044036865234375,anonymous,EN,1,1460635021207875591,11,9,,0,0,0,0,0,0,0,0,0,0
2021-12-08 12:01:04,2021-12-08 12:05:06,0,84.84.82.135,100,241,1,2021-12-08 12:05:06,R_pFXZqvGvDslahih,,,,,52.3712005615234375,4.9044036865234375,anonymous,EN,1,1465005854613069825,8,8,,0,0,0,0,0,0,0,0,0,0
2021-12-08 12:05:26,2021-12-08 12:12:06,0,84.84.82.135,100,400,1,2021-12-08 12:12:06,R_300ImXx7viv196a,,,,,52.3712005615234375,4.9044036865234375,anonymous,EN,1,1438450200780185610,6,7,,0,0,0,0,0,0,0,1,1,0
2021-12-08 12:12:15,2021-12-08 12:15:20,0,84.84.82.135,100,184,1,2021-12-08 12:15:20,R_3lKWvw1HTlKSqqD,,,,,52.3712005615234375,4.9044036865234375,anonymous,EN,1,1465911586019627011,8,8,,0,0,0,0,1,0,0,1,0,0
2021-12-08 12:15:22,2021-12-08 12:26:57,0,84.84.82.135,100,694,1,2021-12-08 12:26:57,R_cIb1tNQ8dG8ZyCt,,,,,52.3712005615234375,4.9044036865234375,anonymous,EN,1,1422986086687690752,6,4,,0,0,0,0,0,0,0,1,1,0
2021-12-08 12:27:05,2021-12-08 12:29:06,0,84.84.82.135,100,121,1,2021-12-08 12:29:07,R_4PjkYi74sKed2Ux,,,,,52.3712005615234375,4.9044036865234375,anonymous,EN,1,1450100308806291464,8,8,,0,0,0,0,0,0,0,0,0,0
2021-12-08 12:29:24,2021-12-08 12:31:37,0,84.84.82.135,100,132,1,2021-12-08 12:31:37,R_27PF8ENenwLfgX1,,,,,52.3712005615234375,4.9044036865234375,anonymous,EN,1,1451396389192228866,8,8,,0,0,0,0,1,0,0,0,0,0
2021-12-08 12:31:39,2021-12-08 12:33:50,0,84.84.82.135,100,130,1,2021-12-08 12:33:50,R_XoodSSJ0TOXzzMJ,,,,,52.3712005615234375,4.9044036865234375,anonymous,EN,1,1433476567381037058,9,6,,0,0,0,0,0,0,0,0,0,0
2021-12-08 12:33:54,2021-12-08 12:40:40,0,84.84.82.135,100,406,1,2021-12-08 12:40:40,R_REni4NCRHt9HXI5,,,,,52.3712005615234375,4.9044036865234375,anonymous,EN,1,643521047736778752,2,6,,1,0,0,0,0,0,0,0,0,1
2021-12-08 12:40:43,2021-12-08 12:45:02,0,84.84.82.135,100,259,1,2021-12-08 12:45:02,R_31sZJiz3EoljkOE,,,,,52.3712005615234375,4.9044036865234375,anonymous,EN,1,1426256761292476417,4,6,,1,0,0,0,0,0,0,0,0,0
2021-12-08 12:45:13,2021-12-08 12:47:01,0,84.84.82.135,100,107,1,2021-12-08 12:47:01,R_28TWR4kapEz1nUB,,,,,52.3712005615234375,4.9044036865234375,anonymous,EN,1,1273273041963933696,7,1,,0,0,0,0,0,0,0,0,0,0
2021-12-08 12:47:03,2021-12-08 12:48:32,0,84.84.82.135,100,88,1,2021-12-08 12:48:32,R_3lVkYklSJFuLEKB,,,,,52.3712005615234375,4.9044036865234375,anonymous,EN,1,1455882461313855488,10,1,,0,0,0,0,0,0,0,0,0,1
2021-12-08 12:48:40,2021-12-08 12:50:02,0,84.84.82.135,100,81,1,2021-12-08 12:50:02,R_271emFxVHkCPvDZ,,,,,52.3712005615234375,4.9044036865234375,anonymous,EN,1,1447251496102465543,4,1,,0,0,0,0,0,0,0,0,0,0
2021-12-08 12:50:04,2021-12-08 12:51:41,0,84.84.82.135,100,97,1,2021-12-08 12:51:41,R_32Vhcqh99G4DbuK,,,,,52.3712005615234375,4.9044036865234375,anonymous,EN,1,1433779741061009419,1,1,,0,0,0,0,0,0,0,0,0,0
2021-12-08 12:51:52,2021-12-08 12:53:54,0,84.84.82.135,100,122,1,2021-12-08 12:53:54,R_3rTHxqIJ1AwIGd5,,,,,52.3712005615234375,4.9044036865234375,anonymous,EN,1,1433816306814423043,9,7,,0,0,0,0,0,0,0,0,0,0
2021-12-08 12:53:56,2021-12-08 12:57:34,0,84.84.82.135,100,217,1,2021-12-08 12:57:35,R_3lM1TdiFEn2Yfe1,,,,,52.3712005615234375,4.9044036865234375,anonymous,EN,1,653712886964072448,2,8,,0,0,0,1,0,0,0,0,0,0
2021-12-08 12:57:45,2021-12-08 12:58:46,0,84.84.82.135,100,60,1,2021-12-08 12:58:46,R_2cpeLzHNWBjEYEK,,,,,52.3712005615234375,4.9044036865234375,anonymous,EN,1,1451926394020245505,12,6,,0,0,0,0,0,0,0,0,0,0
2021-12-08 12:58:49,2021-12-08 13:00:58,0,84.84.82.135,100,128,1,2021-12-08 13:00:58,R_3GksSw3uoxtfq9L,,,,,52.3712005615234375,4.9044036865234375,anonymous,EN,1,1461741701563879427,4,6,,0,0,0,0,0,0,0,0,0,0
2021-12-08 13:01:11,2021-12-08 13:02:35,0,84.84.82.135,100,84,1,2021-12-08 13:02:36,R_PHb7XGjCMX2VBwB,,,,,52.3712005615234375,4.9044036865234375,anonymous,EN,1,1465008972608335877,4,1,,0,0,0,0,0,0,0,0,1,0
2021-12-08 13:02:50,2021-12-08 13:03:40,0,84.84.82.135,100,49,1,2021-12-08 13:03:40,R_1ohWUDVi7pbZgvu,,,,,52.3712005615234375,4.9044036865234375,anonymous,EN,1,1271676199446740993,7,1,,0,0,0,0,0,0,0,0,0,0
2021-12-08 13:03:50,2021-12-08 13:04:54,0,84.84.82.135,100,63,1,2021-12-08 13:04:54,R_Rw6g4ry2zChPhrH,,,,,52.3712005615234375,4.9044036865234375,anonymous,EN,1,646411519895433216,2,8,,0,0,0,0,0,0,0,1,0,1
2021-12-08 13:05:02,2021-12-08 13:06:13,0,84.84.82.135,100,71,1,2021-12-08 13:06:13,R_3eehw0w6AF28MyE,,,,,52.3712005615234375,4.9044036865234375,anonymous,EN,1,1318790369950289921,7,1,,0,0,0,0,0,0,0,0,0,0
2021-12-08 13:06:21,2021-12-08 13:10:17,0,84.84.82.135,100,235,1,2021-12-08 13:10:17,R_2whMORHQ6QefH7D,,,,,52.3712005615234375,4.9044036865234375,anonymous,EN,1,778008526257913856,5,8,,0,0,0,1,1,0,0,0,0,0
2021-12-08 13:10:19,2021-12-08 13:12:22,0,84.84.82.135,100,123,1,2021-12-08 13:12:23,R_2aWzfZx5L9pmUgJ,,,,,52.3712005615234375,4.9044036865234375,anonymous,EN,1,1042448508849016832,1,1,,1,0,0,0,0,0,0,1,0,0
2021-12-08 13:12:55,2021-12-08 13:14:25,0,84.84.82.135,100,89,1,2021-12-08 13:14:25,R_2TzabLNuWX2uFsg,,,,,52.3712005615234375,4.9044036865234375,anonymous,EN,1,1450478555406626816,8,8,,1,0,0,0,0,0,0,0,0,3
2021-12-08 13:14:34,2021-12-08 13:15:39,0,84.84.82.135,100,64,1,2021-12-08 13:15:39,R_3nTuGf8zlfoKH3z,,,,,52.3712005615234375,4.9044036865234375,anonymous,EN,1,1207323905548898305,1,1,,0,0,0,0,0,0,0,0,0,0
2021-12-08 13:15:48,2021-12-08 13:17:15,0,84.84.82.135,100,87,1,2021-12-08 13:17:16,R_2Bt7GULg6Uc0mFB,,,,,52.3712005615234375,4.9044036865234375,anonymous,EN,1,1407380152062033922,6,7,,0,0,0,0,0,0,0,1,0,0
2021-12-08 15:48:24,2021-12-08 15:49:39,0,84.84.82.135,100,74,1,2021-12-08 15:49:39,R_3qg8FvslH1UipLL,,,,,52.3712005615234375,4.9044036865234375,anonymous,EN,1,1451222462021185539,3,6,,0,0,0,0,0,0,1,0,0,1
2021-12-08 15:49:46,2021-12-08 15:50:58,0,84.84.82.135,100,72,1,2021-12-08 15:50:59,R_55Q7XSVlJc2rwPf,,,,,52.3712005615234375,4.9044036865234375,anonymous,EN,1,1440133773585227778,12,6,,0,0,0,0,0,0,0,0,0,0
2021-12-08 15:51:51,2021-12-08 15:52:38,0,84.84.82.135,100,47,1,2021-12-08 15:52:38,R_1JDVAZPL0o2NhmI,,,,,52.3712005615234375,4.9044036865234375,anonymous,EN,1,1453508500278157318,4,1,,0,0,0,0,0,0,0,0,0,0
2021-12-08 15:52:51,2021-12-08 15:54:50,0,84.84.82.135,100,118,1,2021-12-08 15:54:51,R_1Fst3UDvH3JFGqS,,,,,52.3712005615234375,4.9044036865234375,anonymous,EN,1,1463621199578255365,8,8,,0,0,0,0,0,0,0,0,0,0
2021-12-08 15:55:03,2021-12-08 15:57:01,0,84.84.82.135,100,117,1,2021-12-08 15:57:01,R_2frn6nDwVon7F9e,,,,,52.3712005615234375,4.9044036865234375,anonymous,EN,1,1034149756661129216,3,6,,0,0,0,0,0,0,0,0,0,0
2021-12-08 15:57:12,2021-12-08 16:00:05,0,84.84.82.135,100,173,1,2021-12-08 16:00:05,R_3rSspcwNl3eqmAy,,,,,52.3712005615234375,4.9044036865234375,anonymous,EN,1,1459522692353343494,8,8,,0,0,0,0,0,0,0,0,0,0
2021-12-08 16:00:13,2021-12-08 16:01:12,0,84.84.82.135,100,59,1,2021-12-08 16:01:12,R_DcV5Cn7sku1OJB7,,,,,52.3712005615234375,4.9044036865234375,anonymous,EN,1,1325967413956009987,7,1,,0,0,0,0,0,0,0,0,0,0
2021-12-08 16:01:25,2021-12-08 16:02:26,0,84.84.82.135,100,61,1,2021-12-08 16:02:27,R_1pxsjz4Vb7COFiV,,,,,52.3712005615234375,4.9044036865234375,anonymous,EN,1,1465052173557981191,11,8,,0,1,0,0,0,0,0,0,0,1
2021-12-08 16:02:37,2021-12-08 16:04:06,0,84.84.82.135,100,88,1,2021-12-08 16:04:06,R_2CvlD1VSrOtxLLr,,,,,52.3712005615234375,4.9044036865234375,anonymous,EN,1,1428722236635049991,10,2,,0,0,0,0,0,0,0,1,0,0
2021-12-08 16:04:13,2021-12-08 16:05:51,0,84.84.82.135,100,98,1,2021-12-08 16:05:51,R_1JCHxvTLFNlUhqc,,,,,52.3712005615234375,4.9044036865234375,anonymous,EN,1,1429935279750762501,10,2,,0,0,0,0,0,0,0,0,0,0
2021-12-08 16:06:00,2021-12-08 16:07:25,0,84.84.82.135,100,85,1,2021-12-08 16:07:25,R_0UOdoT5ljsGQrlL,,,,,52.3712005615234375,4.9044036865234375,anonymous,EN,1,1428123797660618756,9,6,,0,0,0,0,0,0,0,1,0,0
2021-12-08 16:07:40,2021-12-08 16:08:44,0,84.84.82.135,100,63,1,2021-12-08 16:08:44,R_3hbzyPhkBrEC7si,,,,,52.3712005615234375,4.9044036865234375,anonymous,EN,1,1347890893739741186,7,1,,0,0,0,0,0,0,0,0,1,0
2021-12-08 16:08:52,2021-12-08 16:10:05,0,84.84.82.135,100,72,1,2021-12-08 16:10:05,R_10vL5i5uOraH4nk,,,,,52.3712005615234375,4.9044036865234375,anonymous,EN,1,1265983817736695808,7,1,,0,0,0,0,0,0,0,0,0,0
2021-12-08 16:10:12,2021-12-08 16:11:23,0,84.84.82.135,100,70,1,2021-12-08 16:11:23,R_1LORkWO3cRzyG2I,,,,,52.3712005615234375,4.9044036865234375,anonymous,EN,1,1005174063986176000,3,6,,0,0,1,0,0,0,0,0,0,3
2021-12-08 16:11:32,2021-12-08 16:12:48,0,84.84.82.135,100,76,1,2021-12-08 16:12:49,R_1jIo05iQIKcj7vo,,,,,52.3712005615234375,4.9044036865234375,anonymous,EN,1,1010326030068867072,3,6,,0,1,0,0,0,0,0,0,0,3
2021-12-08 16:13:19,2021-12-08 16:15:45,0,84.84.82.135,100,145,1,2021-12-08 16:15:45,R_11d9pP9p8AjDyFQ,,,,,52.3712005615234375,4.9044036865234375,anonymous,EN,1,818233588839837696,5,8,,1,1,0,0,0,0,1,0,0,0
2021-12-08 16:15:51,2021-12-08 16:17:13,0,84.84.82.135,100,82,1,2021-12-08 16:17:13,R_pJLQ7zeZnQ0FIGt,,,,,52.3712005615234375,4.9044036865234375,anonymous,EN,1,1447958491478609922,10,1,,0,0,0,0,0,0,0,0,0,0
2021-12-08 16:17:21,2021-12-08 16:18:58,0,84.84.82.135,100,96,1,2021-12-08 16:18:59,R_3OoDavYQHABai41,,,,,52.3712005615234375,4.9044036865234375,anonymous,EN,1,1457213127314059268,4,6,,1,0,0,0,0,0,0,0,0,0
2021-12-08 16:19:32,2021-12-08 16:20:06,0,84.84.82.135,100,33,1,2021-12-08 16:20:06,R_1DJdqEdwWhblZoZ,,,,,52.3712005615234375,4.9044036865234375,anonymous,EN,1,1151166133514297345,1,1,,0,0,0,0,0,0,0,0,0,0
2021-12-08 16:20:09,2021-12-08 16:22:10,0,84.84.82.135,100,121,1,2021-12-08 16:22:10,R_RX0RKeHuKM21mHn,,,,,52.3712005615234375,4.9044036865234375,anonymous,EN,1,1187465813315375106,1,2,,0,0,0,0,0,0,0,0,0,3
2021-12-08 16:22:18,2021-12-08 16:24:30,0,84.84.82.135,100,131,1,2021-12-08 16:24:30,R_2Cv6PBr9huseLr4,,,,,52.3712005615234375,4.9044036865234375,anonymous,EN,1,1422673210122899457,1,6,,0,0,0,0,0,0,0,0,0,0
2021-12-08 16:24:38,2021-12-08 16:26:17,0,84.84.82.135,100,98,1,2021-12-08 16:26:17,R_1INrSN5xTbop4zK,,,,,52.3712005615234375,4.9044036865234375,anonymous,EN,1,1407831587006291969,12,6,,1,0,0,0,1,0,1,0,0,0
2021-12-08 16:26:25,2021-12-08 16:37:13,0,84.84.82.135,100,648,1,2021-12-08 16:37:14,R_2qgDhFJOaGcD0cs,,,,,52.3712005615234375,4.9044036865234375,anonymous,EN,1,1456569481770246149,11,8,,0,0,0,0,0,0,0,0,0,0
2021-12-08 16:37:51,2021-12-08 16:38:43,0,84.84.82.135,100,52,1,2021-12-08 16:38:43,R_TpJdLTGUacYeeAN,,,,,52.3712005615234375,4.9044036865234375,anonymous,EN,1,1152701168067305477,3,6,,0,0,0,0,1,0,0,0,0,3
2021-12-08 16:38:49,2021-12-08 16:40:30,0,84.84.82.135,100,101,1,2021-12-08 16:40:31,R_5BwoTXjrd8Qm2S5,,,,,52.3712005615234375,4.9044036865234375,anonymous,EN,1,1463956906859393026,11,8,,0,0,0,0,0,0,0,0,0,1
2021-12-08 16:40:52,2021-12-08 16:41:40,0,84.84.82.135,100,48,1,2021-12-08 16:41:41,R_1EXOdqdluEaLZN3,,,,,52.3712005615234375,4.9044036865234375,anonymous,EN,1,1418532153776869378,10,1,,0,0,0,0,0,0,0,0,0,0
2021-12-08 16:41:48,2021-12-08 16:42:40,0,84.84.82.135,100,51,1,2021-12-08 16:42:40,R_1BQ5NFliBnHbBWp,,,,,52.3712005615234375,4.9044036865234375,anonymous,EN,1,1404907616367779845,10,1,,0,0,0,0,0,0,0,0,0,0
2021-12-08 16:42:47,2021-12-08 16:44:35,0,84.84.82.135,100,107,1,2021-12-08 16:44:35,R_3fE4QbEuGognGBb,,,,,52.3712005615234375,4.9044036865234375,anonymous,EN,1,1046046461853659141,1,1,,0,0,0,0,0,0,0,0,1,3
2021-12-08 16:44:41,2021-12-08 16:46:32,0,84.84.82.135,100,110,1,2021-12-08 16:46:32,R_1prI2sUcabia651,,,,,52.3712005615234375,4.9044036865234375,anonymous,EN,1,1446056541786882055,6,7,,0,0,0,0,0,0,0,1,0,0
2021-12-08 16:46:45,2021-12-08 16:47:54,0,84.84.82.135,100,69,1,2021-12-08 16:47:54,R_3fCyXAIIfwLLRoF,,,,,52.3712005615234375,4.9044036865234375,anonymous,EN,1,1038650419759722496,5,8,,0,0,0,0,0,0,0,0,0,3
2021-12-08 16:48:16,2021-12-08 16:49:32,0,84.84.82.135,100,76,1,2021-12-08 16:49:33,R_V3TvSGaB0vzEuXv,,,,,52.3712005615234375,4.9044036865234375,anonymous,EN,1,1063543253520154624,1,1,,0,0,0,0,0,0,0,0,0,0
2021-12-08 16:49:43,2021-12-08 16:51:24,0,84.84.82.135,100,100,1,2021-12-08 16:51:24,R_3ing8bq8IMf09Rr,,,,,52.3712005615234375,4.9044036865234375,anonymous,EN,1,1422304808418095106,4,1,,0,0,0,0,0,0,0,0,0,0
2021-12-08 16:51:40,2021-12-08 16:52:31,0,84.84.82.135,100,50,1,2021-12-08 16:52:31,R_3EytJBw75ROD7JJ,,,,,52.3712005615234375,4.9044036865234375,anonymous,EN,1,1411984620405526528,6,7,,0,0,0,0,0,0,0,1,0,0
2021-12-08 16:52:39,2021-12-08 16:53:44,0,84.84.82.135,100,65,1,2021-12-08 16:53:44,R_22rJGNJOxMAcVPb,,,,,52.3712005615234375,4.9044036865234375,anonymous,EN,1,1463820012414808068,4,1,,0,0,0,0,0,0,0,0,0,0
2021-12-08 16:53:51,2021-12-08 16:56:36,0,84.84.82.135,100,165,1,2021-12-08 16:56:36,R_2V2UIyUJKgkDD8v,,,,,52.3712005615234375,4.9044036865234375,anonymous,EN,1,1457949825002049537,11,8,,0,1,0,0,0,0,0,0,0,0
2021-12-08 16:56:44,2021-12-08 16:58:37,0,84.84.82.135,100,113,1,2021-12-08 16:58:37,R_3G38TrZ91tD4ThE,,,,,52.3712005615234375,4.9044036865234375,anonymous,EN,1,1460216016890257410,12,10,,0,0,0,0,1,0,0,0,0,0
2021-12-08 16:58:45,2021-12-08 17:00:18,0,84.84.82.135,100,93,1,2021-12-08 17:00:18,R_9FCgar6R9QBn7Pz,,,,,52.3712005615234375,4.9044036865234375,anonymous,EN,1,770700609813118976,5,8,,0,0,0,0,0,0,0,0,0,0
2021-12-08 17:00:25,2021-12-08 17:01:51,0,84.84.82.135,100,85,1,2021-12-08 17:01:51,R_276UPg37Y3e8kYH,,,,,52.3712005615234375,4.9044036865234375,anonymous,EN,1,654862956715507712,2,8,,0,1,0,0,0,0,0,0,0,0
2021-12-08 17:02:05,2021-12-08 17:03:19,0,84.84.82.135,100,74,1,2021-12-08 17:03:20,R_2wQDirmEknIfAYq,,,,,52.3712005615234375,4.9044036865234375,anonymous,EN,1,1456699590439280641,9,6,,0,0,0,0,0,0,0,0,0,0
2021-12-08 17:03:27,2021-12-08 17:05:30,0,84.84.82.135,100,123,1,2021-12-08 17:05:30,R_2AWlZQPVkB4dEnI,,,,,52.3712005615234375,4.9044036865234375,anonymous,EN,1,1446273389895819272,9,6,,0,0,0,0,0,0,0,0,0,0
2021-12-08 17:05:37,2021-12-08 17:06:41,0,84.84.82.135,100,63,1,2021-12-08 17:06:41,R_20Pq73eIS1blmwX,,,,,52.3712005615234375,4.9044036865234375,anonymous,EN,1,1465324638570000391,6,7,,0,0,0,0,0,0,0,0,0,0
2021-12-08 17:06:47,2021-12-08 17:07:37,0,84.84.82.135,100,49,1,2021-12-08 17:07:37,R_8HyPzKNTNddlU5j,,,,,52.3712005615234375,4.9044036865234375,anonymous,EN,1,1324461270922309634,1,1,,0,0,0,0,0,0,0,0,0,0
2021-12-08 17:07:43,2021-12-08 17:09:02,0,84.84.82.135,100,79,1,2021-12-08 17:09:02,R_3QWfFqDb7scCr0N,,,,,52.3712005615234375,4.9044036865234375,anonymous,EN,1,1008282123285876738,3,6,,0,0,0,0,0,0,0,0,1,3
2021-12-08 17:09:09,2021-12-08 17:10:33,0,84.84.82.135,100,83,1,2021-12-08 17:10:33,R_xsIZOw26RZSQZcR,,,,,52.3712005615234375,4.9044036865234375,anonymous,EN,1,1448308447087374343,10,1,,0,0,0,0,0,0,0,0,0,3
2021-12-08 17:10:39,2021-12-08 17:13:11,0,84.84.82.135,100,151,1,2021-12-08 17:13:11,R_3CDwTb3ruQxonVA,,,,,52.3712005615234375,4.9044036865234375,anonymous,EN,1,1402003312292081669,12,7,,1,0,0,0,0,0,0,0,0,0
2021-12-08 17:13:17,2021-12-08 17:14:27,0,84.84.82.135,100,70,1,2021-12-08 17:14:27,R_3dTgriTXk96RMek,,,,,52.3712005615234375,4.9044036865234375,anonymous,EN,1,661361003129630720,2,8,,0,0,0,0,0,1,1,0,0,0
2021-12-08 17:15:51,2021-12-08 17:16:55,0,84.84.82.135,100,63,1,2021-12-08 17:16:55,R_24BgHnJxv72vhGm,,,,,52.3712005615234375,4.9044036865234375,anonymous,EN,1,1440812712829669379,10,2,,0,0,0,0,0,0,0,0,0,0
2021-12-08 17:17:06,2021-12-08 17:17:59,0,84.84.82.135,100,52,1,2021-12-08 17:17:59,R_24eLGeTf2UNmQpq,,,,,52.3712005615234375,4.9044036865234375,anonymous,EN,1,1410906706318704645,10,1,,0,0,0,0,0,0,0,0,0,0
2021-12-08 17:18:26,2021-12-08 17:19:37,0,84.84.82.135,100,71,1,2021-12-08 17:19:37,R_bdthlgpScxVVPVL,,,,,52.3712005615234375,4.9044036865234375,anonymous,EN,1,1440696655674679306,4,2,,0,0,0,0,0,0,0,0,0,0
2021-12-08 21:51:04,2021-12-08 21:54:25,0,171.50.128.130,100,201,1,2021-12-08 21:54:26,R_2bKq9qnocLBMSgI,,,,,28.4597015380859375,77.0281982421875,anonymous,EN,2,971090358963666944,5,11,unclear; post is on a sports page but refers to the Russian president,0,0,0,0,0,0,0,0,0,3
2021-12-08 21:54:29,2021-12-08 21:56:02,0,171.50.128.130,100,92,1,2021-12-08 21:56:02,R_1Ng3bv3fHYzBuhQ,,,,,28.4597015380859375,77.0281982421875,anonymous,EN,2,1405628070816407555,12,6,,1,0,0,0,0,0,0,0,0,2
2021-12-08 21:56:07,2021-12-08 21:57:34,0,171.50.128.130,100,87,1,2021-12-08 21:57:35,R_1hKeiezEPx4RaeF,,,,,28.4597015380859375,77.0281982421875,anonymous,EN,2,1457069529582944260,9,7,,0,0,0,0,0,0,0,0,0,0
2021-12-08 21:57:37,2021-12-08 22:07:13,0,171.50.128.130,100,576,1,2021-12-08 22:07:13,R_xlP7gwNRyFLgJCV,,,,,28.4597015380859375,77.0281982421875,anonymous,EN,2,869255565620502529,5,11,retweet of a quote retweet,0,0,0,0,0,0,0,0,0,0
2021-12-08 22:07:20,2021-12-08 22:08:54,0,171.50.128.130,100,93,1,2021-12-08 22:08:54,R_2BhXxgmtYCxoITJ,,,,,28.4597015380859375,77.0281982421875,anonymous,EN,2,1460635021207875591,11,6,,0,0,0,0,0,0,0,0,0,0
2021-12-08 22:08:56,2021-12-08 22:10:40,0,171.50.128.130,100,103,1,2021-12-08 22:10:40,R_2s0EwrDldZF7LXA,,,,,28.4597015380859375,77.0281982421875,anonymous,EN,2,1465005854613069825,8,11,retweet,0,0,0,0,0,0,0,0,0,0
2021-12-08 22:10:46,2021-12-08 22:11:52,0,171.50.128.130,100,65,1,2021-12-08 22:11:52,R_2WIkV0Qih08pWLT,,,,,28.4597015380859375,77.0281982421875,anonymous,EN,2,1438450200780185610,6,4,,0,0,0,0,0,0,0,1,1,0
2021-12-08 22:11:54,2021-12-08 22:13:01,0,171.50.128.130,100,67,1,2021-12-08 22:13:01,R_Tu3P4BMwKravNZv,,,,,28.4597015380859375,77.0281982421875,anonymous,EN,2,1465911586019627011,8,11,retweet of a quote retweet,0,0,0,0,0,0,0,0,0,0
2021-12-08 22:13:06,2021-12-08 22:14:07,0,171.50.128.130,100,61,1,2021-12-08 22:14:07,R_3PRVWJpENXHYNms,,,,,28.4597015380859375,77.0281982421875,anonymous,EN,2,1422986086687690752,6,4,,0,0,0,0,0,0,0,1,1,0
2021-12-08 22:14:10,2021-12-08 22:15:32,0,171.50.128.130,100,82,1,2021-12-08 22:15:32,R_1NkQ9oBwIK3m3we,,,,,28.4597015380859375,77.0281982421875,anonymous,EN,2,1450100308806291464,8,8,,0,0,0,0,0,0,0,0,1,0
2021-12-08 22:15:37,2021-12-08 22:19:32,0,171.50.128.130,100,235,1,2021-12-08 22:19:33,R_vvM8ngDdc10T1w5,,,,,28.4597015380859375,77.0281982421875,anonymous,EN,2,1451396389192228866,11,8,,0,0,0,0,1,0,0,0,0,0
2021-12-08 22:19:36,2021-12-08 22:20:39,0,171.50.128.130,100,62,1,2021-12-08 22:20:39,R_1Ks5T1E79iCWjgJ,,,,,28.4597015380859375,77.0281982421875,anonymous,EN,2,1433476567381037058,9,6,,0,0,0,0,0,0,0,0,0,0
2021-12-08 22:20:43,2021-12-08 22:22:33,0,171.50.128.130,100,109,1,2021-12-08 22:22:33,R_3e8kOKHBcIKCr0Q,,,,,28.4597015380859375,77.0281982421875,anonymous,EN,2,643521047736778752,2,11,retweet,1,0,0,0,0,0,0,0,0,1
2021-12-08 22:22:39,2021-12-08 22:23:52,0,171.50.128.130,100,72,1,2021-12-08 22:23:52,R_10SPowVkQLejI2D,,,,,28.4597015380859375,77.0281982421875,anonymous,EN,2,1426256761292476417,4,6,,0,0,0,0,0,0,0,0,0,0
2021-12-08 22:23:54,2021-12-08 22:25:21,0,171.50.128.130,100,87,1,2021-12-08 22:25:22,R_3GkV9SezyGfnols,,,,,28.4597015380859375,77.0281982421875,anonymous,EN,2,1273273041963933696,7,1,,0,0,0,0,0,0,0,0,0,0
2021-12-08 22:25:23,2021-12-08 22:27:01,0,171.50.128.130,100,97,1,2021-12-08 22:27:01,R_71AhSNdtmlLXKSJ,,,,,28.4597015380859375,77.0281982421875,anonymous,EN,2,1455882461313855488,1,1,,0,0,0,0,0,0,0,0,0,0
2021-12-08 22:27:10,2021-12-08 22:29:13,0,171.50.128.130,100,123,1,2021-12-08 22:29:14,R_AcYNIKbTsuQ8phL,,,,,28.4597015380859375,77.0281982421875,anonymous,EN,2,1447251496102465543,4,1,,0,0,0,0,0,0,0,0,0,0
2021-12-08 22:29:18,2021-12-08 22:31:27,0,171.50.128.130,100,128,1,2021-12-08 22:31:27,R_wY7KfvRSvxzULM5,,,,,28.4597015380859375,77.0281982421875,anonymous,EN,2,1433779741061009419,1,1,,0,0,0,0,0,0,0,0,0,0
2021-12-08 22:32:44,2021-12-08 22:33:44,0,171.50.128.130,100,60,1,2021-12-08 22:33:45,R_2CVrakDbUPrRNhJ,,,,,28.4597015380859375,77.0281982421875,anonymous,EN,2,1433816306814423043,9,6,,0,0,0,0,0,0,0,0,0,0
2021-12-08 22:33:49,2021-12-08 22:35:03,0,171.50.128.130,100,73,1,2021-12-08 22:35:03,R_2PCh0r9YUuTqffu,,,,,28.4597015380859375,77.0281982421875,anonymous,EN,2,653712886964072448,2,8,,0,0,0,1,0,0,0,0,0,0
2021-12-09 04:57:30,2021-12-09 04:58:31,0,84.84.82.135,100,61,1,2021-12-09 04:58:32,R_1M6DeinDXbiSZJl,,,,,52.3712005615234375,4.9044036865234375,anonymous,EN,1,1408093561514606594,7,1,,0,0,0,0,0,0,0,0,0,0
2021-12-09 04:59:10,2021-12-09 05:00:11,0,84.84.82.135,100,60,1,2021-12-09 05:00:11,R_277r24wgvE7Fhaj,,,,,52.3712005615234375,4.9044036865234375,anonymous,EN,1,1430641438472261634,10,2,,0,0,0,0,0,0,0,0,0,0
2021-12-09 05:00:17,2021-12-09 05:04:02,0,84.84.82.135,100,224,1,2021-12-09 05:04:02,R_3sndFxMPs3tjEMH,,,,,52.3712005615234375,4.9044036865234375,anonymous,EN,1,1421837182403239938,10,10,,0,0,0,0,0,0,0,0,0,0
2021-12-09 05:04:11,2021-12-09 05:05:29,0,84.84.82.135,100,78,1,2021-12-09 05:05:30,R_1JVkGcoBXULTzNY,,,,,52.3712005615234375,4.9044036865234375,anonymous,EN,1,644344592695992320,2,6,,1,0,0,0,0,0,0,0,0,3
2021-12-09 05:05:48,2021-12-09 05:06:32,0,84.84.82.135,100,43,1,2021-12-09 05:06:32,R_3PUju4CPEFaN0Ra,,,,,52.3712005615234375,4.9044036865234375,anonymous,EN,1,1097830545516417028,1,1,,0,0,0,0,0,0,0,0,0,3
2021-12-09 05:06:39,2021-12-09 05:07:39,0,84.84.82.135,100,60,1,2021-12-09 05:07:40,R_2EaDpQtpLjqdA5n,,,,,52.3712005615234375,4.9044036865234375,anonymous,EN,1,1329168505439203333,7,1,,0,0,0,0,0,0,0,0,1,0
2021-12-09 05:07:46,2021-12-09 05:11:32,0,84.84.82.135,100,226,1,2021-12-09 05:11:33,R_1MKSIpfg2VUAYA1,,,,,52.3712005615234375,4.9044036865234375,anonymous,EN,1,1445863938005118976,10,1,,1,0,0,0,0,0,0,1,0,0
2021-12-09 05:11:44,2021-12-09 05:13:00,0,84.84.82.135,100,76,1,2021-12-09 05:13:00,R_5yGpdvcaJJDJIFH,,,,,52.3712005615234375,4.9044036865234375,anonymous,EN,1,1462950274834866182,11,8,,1,0,0,0,0,0,0,0,0,0
2021-12-09 05:13:06,2021-12-09 05:14:21,0,84.84.82.135,100,74,1,2021-12-09 05:14:21,R_1PUaHjVF6zTJGaE,,,,,52.3712005615234375,4.9044036865234375,anonymous,EN,1,1394442110762369024,7,1,,0,0,0,0,0,0,0,0,0,0
2021-12-09 05:14:28,2021-12-09 05:16:15,0,84.84.82.135,100,106,1,2021-12-09 05:16:15,R_2rA9ZuGH0OWqpIz,,,,,52.3712005615234375,4.9044036865234375,anonymous,EN,1,1423086352908931072,12,6,,0,0,0,0,1,0,0,0,0,0
2021-12-09 05:16:37,2021-12-09 05:17:27,0,84.84.82.135,100,49,1,2021-12-09 05:17:27,R_1dgmOxK9s5thSGA,,,,,52.3712005615234375,4.9044036865234375,anonymous,EN,1,1448358035785662468,6,7,,0,0,0,0,0,0,0,0,1,0
2021-12-09 05:20:22,2021-12-09 05:21:36,0,84.84.82.135,100,74,1,2021-12-09 05:21:36,R_3IayLBwD6rpGFNE,,,,,52.3712005615234375,4.9044036865234375,anonymous,EN,1,1422908931412828166,10,1,,0,0,0,0,0,0,0,0,0,1
2021-12-09 05:21:47,2021-12-09 05:25:57,0,84.84.82.135,100,249,1,2021-12-09 05:25:57,R_22rHmZVsKoVCgIR,,,,,52.3712005615234375,4.9044036865234375,anonymous,EN,1,1330571843292499972,7,1,,0,0,0,0,0,0,0,0,0,0
2021-12-09 05:25:59,2021-12-09 05:27:43,0,84.84.82.135,100,103,1,2021-12-09 05:27:44,R_3s5qcMh4pjpccz1,,,,,52.3712005615234375,4.9044036865234375,anonymous,EN,1,1441290733336633344,6,4,,0,0,0,0,0,0,0,0,0,0
2021-12-09 05:27:46,2021-12-09 05:29:08,0,84.84.82.135,100,81,1,2021-12-09 05:29:08,R_2dSUTqJBBcTWT8U,,,,,52.3712005615234375,4.9044036865234375,anonymous,EN,1,1443308394413240331,10,1,,1,0,0,0,0,0,0,0,0,0
2021-12-09 05:29:20,2021-12-09 05:32:07,0,84.84.82.135,100,166,1,2021-12-09 05:32:07,R_x3jTtCzyLroEIFP,,,,,52.3712005615234375,4.9044036865234375,anonymous,EN,1,1430698262462353413,9,6,,0,0,0,0,0,0,0,0,0,0
2021-12-09 05:32:14,2021-12-09 05:33:54,0,84.84.82.135,100,100,1,2021-12-09 05:33:54,R_3hDDQhPVspfrSV8,,,,,52.3712005615234375,4.9044036865234375,anonymous,EN,1,1367278120273903621,7,1,,1,0,0,0,0,1,1,0,0,0
2021-12-09 05:34:05,2021-12-09 05:35:34,0,84.84.82.135,100,89,1,2021-12-09 05:35:34,R_yQhgKB82VgYPTtD,,,,,52.3712005615234375,4.9044036865234375,anonymous,EN,1,1194681876155420672,3,6,,0,0,0,0,0,0,0,0,0,1
2021-12-09 05:35:45,2021-12-09 05:36:45,0,84.84.82.135,100,59,1,2021-12-09 05:36:45,R_2UW2JufWXudGgv6,,,,,52.3712005615234375,4.9044036865234375,anonymous,EN,1,1451697932793700353,4,1,,0,0,0,0,0,0,0,0,0,0
2021-12-09 05:36:51,2021-12-09 05:37:39,0,84.84.82.135,100,48,1,2021-12-09 05:37:40,R_3ElHklWM88DN9VH,,,,,52.3712005615234375,4.9044036865234375,anonymous,EN,1,1454580004155641857,8,8,,0,0,0,0,0,0,0,0,0,0
2021-12-09 05:37:49,2021-12-09 05:39:23,0,84.84.82.135,100,94,1,2021-12-09 05:39:23,R_1PShLXYBtuMmQtG,,,,,52.3712005615234375,4.9044036865234375,anonymous,EN,1,1085913527322271744,1,6,,1,0,0,0,0,0,0,0,0,3
2021-12-09 05:39:29,2021-12-09 05:41:35,0,84.84.82.135,100,126,1,2021-12-09 05:41:35,R_2eaRtSeOxOFZn0P,,,,,52.3712005615234375,4.9044036865234375,anonymous,EN,1,1443593677708857346,4,2,,0,0,0,0,0,0,0,0,0,0
2021-12-09 05:41:48,2021-12-09 05:42:59,0,84.84.82.135,100,71,1,2021-12-09 05:42:59,R_27Dm1sFgIZGA0yI,,,,,52.3712005615234375,4.9044036865234375,anonymous,EN,1,1336989210067296256,7,1,,0,0,0,0,0,0,0,0,0,0
2021-12-09 05:43:05,2021-12-09 05:45:25,0,84.84.82.135,100,139,1,2021-12-09 05:45:25,R_2rPE3T87m9tez08,,,,,52.3712005615234375,4.9044036865234375,anonymous,EN,1,1424689240684781578,4,1,,0,0,0,0,0,0,0,0,0,0
2021-12-09 05:45:28,2021-12-09 05:50:49,0,84.84.82.135,100,321,1,2021-12-09 05:50:50,R_vB6zDo3h02JMYAV,,,,,52.3712005615234375,4.9044036865234375,anonymous,EN,1,1425123360665710596,10,9,,0,0,0,0,0,0,0,0,0,0
2021-12-09 05:50:58,2021-12-09 05:52:03,0,84.84.82.135,100,64,1,2021-12-09 05:52:03,R_1DYXPSVNmKIKuvo,,,,,52.3712005615234375,4.9044036865234375,anonymous,EN,1,1431595470506414082,10,2,,0,0,0,0,0,0,0,0,0,0
2021-12-09 05:52:05,2021-12-09 05:53:36,0,84.84.82.135,100,90,1,2021-12-09 05:53:36,R_pipGrO6z7A4plVn,,,,,52.3712005615234375,4.9044036865234375,anonymous,EN,1,1078703907134570496,1,1,,0,0,1,0,0,0,0,0,0,0
2021-12-09 05:53:42,2021-12-09 05:55:08,0,84.84.82.135,100,85,1,2021-12-09 05:55:08,R_OfMbMReo0OxlGQ9,,,,,52.3712005615234375,4.9044036865234375,anonymous,EN,1,1006857002411331584,5,8,,0,0,0,0,0,0,0,0,0,3
2021-12-09 05:55:18,2021-12-09 06:05:49,0,84.84.82.135,100,631,1,2021-12-09 06:05:49,R_1eLVshOBHSGUfHw,,,,,52.3712005615234375,4.9044036865234375,anonymous,EN,1,1048031537793388544,1,7,,1,0,0,0,0,0,0,0,0,3
2021-12-09 06:07:27,2021-12-09 06:13:44,0,84.84.82.135,100,376,1,2021-12-09 06:13:44,R_AmtNf4dBm9ETE0F,,,,,52.3712005615234375,4.9044036865234375,anonymous,EN,1,1327341465094197256,7,1,,0,0,0,0,0,0,0,0,1,0
2021-12-09 06:13:54,2021-12-09 06:16:31,0,84.84.82.135,100,157,1,2021-12-09 06:16:31,R_3lMT3UEBLfZAN5B,,,,,52.3712005615234375,4.9044036865234375,anonymous,EN,1,676964182747701252,2,8,,0,0,0,0,0,0,0,0,0,1
2021-12-09 06:16:41,2021-12-09 06:20:17,0,84.84.82.135,100,216,1,2021-12-09 06:20:17,R_UhmiuBrOvrHlL9v,,,,,52.3712005615234375,4.9044036865234375,anonymous,EN,1,1442158779521507335,9,7,,0,0,0,0,0,0,0,0,0,0
2021-12-09 06:20:57,2021-12-09 06:21:40,0,84.84.82.135,100,43,1,2021-12-09 06:21:40,R_3qDp5wheQph1YoA,,,,,52.3712005615234375,4.9044036865234375,anonymous,EN,1,1456975908112257030,11,8,,1,0,0,0,0,0,0,0,0,0
2021-12-09 06:22:02,2021-12-09 06:24:26,0,84.84.82.135,100,144,1,2021-12-09 06:24:27,R_3gXi8fg3NWiVo9A,,,,,52.3712005615234375,4.9044036865234375,anonymous,EN,1,1341861933696364544,1,1,,0,0,0,0,0,0,0,0,0,0
2021-12-09 06:24:34,2021-12-09 06:26:09,0,84.84.82.135,100,95,1,2021-12-09 06:26:09,R_42SoZgsA3S4188F,,,,,52.3712005615234375,4.9044036865234375,anonymous,EN,1,1351862236688605185,1,1,,0,0,0,0,0,0,0,0,0,0
2021-12-09 06:26:19,2021-12-09 06:27:14,0,84.84.82.135,100,54,1,2021-12-09 06:27:14,R_1hEcLCsMKNZcsx1,,,,,52.3712005615234375,4.9044036865234375,anonymous,EN,1,1272915749103898624,7,1,,0,0,0,0,0,0,0,0,0,0
2021-12-09 06:27:20,2021-12-09 06:28:41,0,84.84.82.135,100,80,1,2021-12-09 06:28:41,R_10BshQZwmAFRfn5,,,,,52.3712005615234375,4.9044036865234375,anonymous,EN,1,647513617361973248,2,10,,0,0,0,0,0,0,0,1,0,2
2021-12-09 06:28:46,2021-12-09 06:29:28,0,84.84.82.135,100,42,1,2021-12-09 06:29:29,R_1jxGXkvEPySZb0Y,,,,,52.3712005615234375,4.9044036865234375,anonymous,EN,1,1333864446209511425,7,1,,0,0,0,0,0,0,0,0,0,0
2021-12-09 06:30:51,2021-12-09 06:31:39,0,84.84.82.135,100,48,1,2021-12-09 06:31:39,R_u3bUTWcLjl3rFIJ,,,,,52.3712005615234375,4.9044036865234375,anonymous,EN,1,1260785662770450437,7,9,,0,0,0,0,0,0,0,0,0,0
2021-12-09 06:31:46,2021-12-09 06:32:49,0,84.84.82.135,100,63,1,2021-12-09 06:32:49,R_RyIOaeZGWolEP0l,,,,,52.3712005615234375,4.9044036865234375,anonymous,EN,1,1465773377071812611,11,2,,0,0,0,0,0,0,0,0,0,0
2021-12-09 06:32:56,2021-12-09 06:43:51,0,84.84.82.135,100,654,1,2021-12-09 06:43:51,R_10VrYe4jJ8cNMZc,,,,,52.3712005615234375,4.9044036865234375,anonymous,EN,1,1195035187702358016,3,6,,0,0,0,0,1,0,0,0,0,0
2021-12-09 06:44:11,2021-12-09 06:45:23,0,84.84.82.135,100,71,1,2021-12-09 06:45:24,R_3fCp3Kyp33be0Ws,,,,,52.3712005615234375,4.9044036865234375,anonymous,EN,1,1430585016560590849,9,6,,0,0,0,0,0,0,0,1,0,0
2021-12-09 06:46:22,2021-12-09 06:56:16,0,84.84.82.135,100,594,1,2021-12-09 06:56:16,R_3NCjGnDVxvt90s7,,,,,52.3712005615234375,4.9044036865234375,anonymous,EN,1,863922604406480896,5,8,,0,0,0,0,1,0,0,0,0,0
2021-12-09 06:56:22,2021-12-09 06:58:14,0,84.84.82.135,100,112,1,2021-12-09 06:58:15,R_3HvQANxgbQBTOc2,,,,,52.3712005615234375,4.9044036865234375,anonymous,EN,1,963933484774502400,5,6,,0,0,0,0,0,0,0,0,0,3
2021-12-08 22:35:05,2021-12-09 21:00:43,0,171.50.128.130,100,80737,1,2021-12-09 21:00:43,R_3nDjPmDtRcWE6M0,,,,,28.4597015380859375,77.0281982421875,anonymous,EN,2,1451926394020245505,12,6,,0,0,0,0,0,0,0,0,0,0
2021-12-09 21:00:45,2021-12-09 21:02:14,0,171.50.128.130,100,88,1,2021-12-09 21:02:14,R_3HvJ1q3BTbyU38Z,,,,,28.4597015380859375,77.0281982421875,anonymous,EN,2,1461741701563879427,4,6,,0,0,0,0,0,0,0,0,0,0
2021-12-09 21:02:16,2021-12-09 21:04:03,0,171.50.128.130,100,107,1,2021-12-09 21:04:04,R_3NJNEHxyYQ0ru1j,,,,,28.4597015380859375,77.0281982421875,anonymous,EN,2,1465008972608335877,4,1,,0,0,0,0,0,0,0,0,0,0
2021-12-09 21:04:05,2021-12-09 21:05:15,0,171.50.128.130,100,70,1,2021-12-09 21:05:15,R_2QmQOh6su6yoOl7,,,,,28.4597015380859375,77.0281982421875,anonymous,EN,2,1271676199446740993,7,1,,0,0,0,0,0,0,0,0,0,0
2021-12-09 21:05:17,2021-12-09 21:06:29,0,171.50.128.130,100,72,1,2021-12-09 21:06:30,R_1FqzQWZc2W8Dt7S,,,,,28.4597015380859375,77.0281982421875,anonymous,EN,2,646411519895433216,2,8,,0,0,0,0,0,0,0,1,0,2
2021-12-09 21:06:32,2021-12-09 21:07:18,0,171.50.128.130,100,46,1,2021-12-09 21:07:18,R_1pX2RoXmzYKF6F6,,,,,28.4597015380859375,77.0281982421875,anonymous,EN,2,1318790369950289921,7,1,,0,0,0,0,0,0,0,0,0,0
2021-12-09 21:07:21,2021-12-09 21:08:48,0,171.50.128.130,100,86,1,2021-12-09 21:08:48,R_1LiKDt3uQ2CkgwX,,,,,28.4597015380859375,77.0281982421875,anonymous,EN,2,778008526257913856,5,8,,0,0,0,1,1,0,0,0,0,0
2021-12-09 21:08:50,2021-12-09 21:10:08,0,171.50.128.130,100,78,1,2021-12-09 21:10:08,R_en4XBMlxRaZVSBr,,,,,28.4597015380859375,77.0281982421875,anonymous,EN,2,1042448508849016832,1,1,,1,0,0,0,0,0,0,1,0,0
2021-12-09 21:10:10,2021-12-09 21:11:56,0,171.50.128.130,100,105,1,2021-12-09 21:11:56,R_7X4bo9b4JDPr5nj,,,,,28.4597015380859375,77.0281982421875,anonymous,EN,2,1450478555406626816,8,8,,1,0,0,0,0,0,0,1,0,3
2021-12-09 21:11:57,2021-12-09 21:19:50,0,171.50.128.130,100,472,1,2021-12-09 21:19:50,R_QgnyeTSD9SCL5ip,,,,,28.4597015380859375,77.0281982421875,anonymous,EN,2,1207323905548898305,1,1,,0,0,0,0,0,0,0,0,0,0
2021-12-09 21:19:52,2021-12-09 21:33:29,0,171.50.128.130,100,817,1,2021-12-09 21:33:29,R_25LTyGkbA0U1Fdq,,,,,28.4597015380859375,77.0281982421875,anonymous,EN,2,1407380152062033922,6,7,,0,0,0,0,0,0,0,1,0,0
2021-12-09 21:33:32,2021-12-09 21:34:48,0,171.50.128.130,100,76,1,2021-12-09 21:34:49,R_3kc6K2jQ64NRYBa,,,,,28.4597015380859375,77.0281982421875,anonymous,EN,2,1451222462021185539,3,6,,0,0,0,0,0,0,1,0,0,1
2021-12-09 21:34:50,2021-12-09 21:41:27,0,171.50.128.130,100,397,1,2021-12-09 21:41:27,R_08pjfhObE1xCQCJ,,,,,28.4597015380859375,77.0281982421875,anonymous,EN,2,1440133773585227778,12,6,,0,0,0,0,0,0,0,0,0,0
2021-12-09 21:41:28,2021-12-09 21:42:48,0,171.50.128.130,100,80,1,2021-12-09 21:42:49,R_1IWS1flaxKbHKaG,,,,,28.4597015380859375,77.0281982421875,anonymous,EN,2,1453508500278157318,4,1,,0,0,0,0,0,0,0,0,0,0
2021-12-09 21:42:50,2021-12-09 21:43:56,0,171.50.128.130,100,65,1,2021-12-09 21:43:56,R_0lcqJ4Q6f3WEuhr,,,,,28.4597015380859375,77.0281982421875,anonymous,EN,2,1463621199578255365,8,6,,0,0,0,0,0,0,0,0,0,0
2021-12-09 21:43:58,2021-12-09 21:44:56,0,171.50.128.130,100,58,1,2021-12-09 21:44:56,R_3QFcQkiwuuzsQgk,,,,,28.4597015380859375,77.0281982421875,anonymous,EN,2,1034149756661129216,3,6,,0,0,0,0,0,0,0,0,0,0
2021-12-09 21:44:58,2021-12-09 21:46:08,0,171.50.128.130,100,70,1,2021-12-09 21:46:09,R_3DeDWSqScmghfDr,,,,,28.4597015380859375,77.0281982421875,anonymous,EN,2,1459522692353343494,8,8,,0,0,0,0,0,0,0,0,0,0
2021-12-09 21:46:10,2021-12-09 21:46:59,0,171.50.128.130,100,48,1,2021-12-09 21:46:59,R_3noQ2yAb9uSPneP,,,,,28.4597015380859375,77.0281982421875,anonymous,EN,2,1325967413956009987,7,1,,0,0,0,0,0,0,0,0,0,0
2021-12-09 21:47:00,2021-12-09 21:48:02,0,171.50.128.130,100,62,1,2021-12-09 21:48:03,R_3prs4iXa6Q5gUZA,,,,,28.4597015380859375,77.0281982421875,anonymous,EN,2,1465052173557981191,11,8,,0,0,0,0,0,0,0,1,0,1
2021-12-09 21:48:04,2021-12-09 21:49:21,0,171.50.128.130,100,77,1,2021-12-09 21:49:22,R_OJqPqMIzEexL58l,,,,,28.4597015380859375,77.0281982421875,anonymous,EN,2,1428722236635049991,10,2,,0,0,0,0,0,0,0,1,0,0
2021-12-09 21:49:23,2021-12-09 21:55:41,0,171.50.128.130,100,378,1,2021-12-09 21:55:42,R_sHZnwu06Qq1usSd,,,,,28.4597015380859375,77.0281982421875,anonymous,EN,2,1429935279750762501,10,1,,0,0,0,0,0,0,0,0,0,0
2021-12-09 21:55:43,2021-12-09 21:56:49,0,171.50.128.130,100,66,1,2021-12-09 21:56:50,R_2QEWdFEOmXkmT85,,,,,28.4597015380859375,77.0281982421875,anonymous,EN,2,1428123797660618756,9,6,,0,0,0,0,0,0,0,1,0,0
2021-12-09 21:56:51,2021-12-09 21:57:42,0,171.50.128.130,100,50,1,2021-12-09 21:57:42,R_3kj1g0803wanLT5,,,,,28.4597015380859375,77.0281982421875,anonymous,EN,2,1347890893739741186,7,1,,0,0,0,0,0,0,0,0,1,0
2021-12-09 21:57:44,2021-12-09 21:58:34,0,171.50.128.130,100,49,1,2021-12-09 21:58:34,R_3nNS64NPwmODQ29,,,,,28.4597015380859375,77.0281982421875,anonymous,EN,2,1265983817736695808,7,1,,0,0,0,0,0,0,0,0,0,0
2021-12-09 21:58:36,2021-12-09 21:59:32,0,171.50.128.130,100,56,1,2021-12-09 21:59:32,R_117V0Qfa0PKney3,,,,,28.4597015380859375,77.0281982421875,anonymous,EN,2,1005174063986176000,3,6,,0,0,1,0,0,0,0,0,0,3
2021-12-09 21:59:34,2021-12-09 22:00:54,0,171.50.128.130,100,80,1,2021-12-09 22:00:54,R_2vc3VBBkpUGvQQ8,,,,,28.4597015380859375,77.0281982421875,anonymous,EN,2,1010326030068867072,3,6,,0,0,0,0,0,0,0,1,0,3
2021-12-09 22:00:56,2021-12-09 22:02:01,0,171.50.128.130,100,64,1,2021-12-09 22:02:01,R_3QM72hyoG9U8JS9,,,,,28.4597015380859375,77.0281982421875,anonymous,EN,2,818233588839837696,5,8,,1,1,0,0,0,0,1,0,0,0
2021-12-09 22:02:03,2021-12-09 22:04:08,0,171.50.128.130,100,125,1,2021-12-09 22:04:08,R_3IW8yf9IMhog9HQ,,,,,28.4597015380859375,77.0281982421875,anonymous,EN,2,1447958491478609922,10,1,,,0,0,0,0,0,0,0,0,0
2021-12-09 22:04:10,2021-12-09 22:05:34,0,171.50.128.130,100,84,1,2021-12-09 22:05:34,R_2E0OsDvJXJzd00h,,,,,28.4597015380859375,77.0281982421875,anonymous,EN,2,1457213127314059268,4,6,,0,0,0,0,0,0,0,0,0,0
2021-12-09 22:05:36,2021-12-09 22:07:07,0,171.50.128.130,100,91,1,2021-12-09 22:07:07,R_2yl9McSX9uyCToD,,,,,28.4597015380859375,77.0281982421875,anonymous,EN,2,1151166133514297345,1,3,,0,0,0,0,0,0,0,0,0,0
2021-12-09 22:07:08,2021-12-09 22:08:12,0,171.50.128.130,100,63,1,2021-12-09 22:08:12,R_XnbjN2CeWOqi8sV,,,,,28.4597015380859375,77.0281982421875,anonymous,EN,2,1187465813315375106,1,1,,0,0,0,0,0,0,0,0,0,3
2021-12-09 22:08:14,2021-12-09 22:09:18,0,171.50.128.130,100,64,1,2021-12-09 22:09:19,R_z7FJKREZoVfNkhX,,,,,28.4597015380859375,77.0281982421875,anonymous,EN,2,1422673210122899457,1,1,,0,0,0,0,0,0,0,0,0,0
2021-12-09 22:09:27,2021-12-09 22:10:31,0,171.50.128.130,100,64,1,2021-12-09 22:10:32,R_30q4wEIvvBo2twB,,,,,28.4597015380859375,77.0281982421875,anonymous,EN,2,1407831587006291969,12,6,,0,0,0,0,1,0,1,1,0,0
2021-12-09 22:10:33,2021-12-09 22:12:43,0,171.50.128.130,100,129,1,2021-12-09 22:12:43,R_qDXRA5X1hZI06uR,,,,,28.4597015380859375,77.0281982421875,anonymous,EN,2,1456569481770246149,11,8,,0,0,0,0,0,0,0,0,0,0
2021-12-09 22:12:45,2021-12-09 22:13:53,0,171.50.128.130,100,68,1,2021-12-09 22:13:53,R_2cwrOTCmfORXRsv,,,,,28.4597015380859375,77.0281982421875,anonymous,EN,2,1152701168067305477,3,6,,0,0,0,0,1,0,0,0,0,3
2021-12-09 22:13:55,2021-12-09 22:15:06,0,171.50.128.130,100,70,1,2021-12-09 22:15:06,R_3Hvvm35zYt1mRdC,,,,,28.4597015380859375,77.0281982421875,anonymous,EN,2,1463956906859393026,11,8,,0,0,0,0,0,0,0,0,0,1
2021-12-09 22:15:08,2021-12-09 22:16:40,0,171.50.128.130,100,92,1,2021-12-09 22:16:41,R_1DSzw3fkAd117xF,,,,,28.4597015380859375,77.0281982421875,anonymous,EN,2,1418532153776869378,10,1,,0,0,0,0,0,0,0,0,0,0
2021-12-09 22:16:43,2021-12-09 22:17:25,0,171.50.128.130,100,41,1,2021-12-09 22:17:25,R_esUPtsKbKPPhoEp,,,,,28.4597015380859375,77.0281982421875,anonymous,EN,2,1404907616367779845,10,1,,0,0,0,0,0,0,0,0,0,0
2021-12-09 22:17:26,2021-12-09 22:18:11,0,171.50.128.130,100,44,1,2021-12-09 22:18:12,R_1LNkaLcgKCh5YiO,,,,,28.4597015380859375,77.0281982421875,anonymous,EN,2,1046046461853659141,1,10,,0,0,0,0,0,0,0,0,1,3
2021-12-09 22:18:13,2021-12-09 22:19:02,0,171.50.128.130,100,48,1,2021-12-09 22:19:03,R_0DtrWRJiRFN3IYx,,,,,28.4597015380859375,77.0281982421875,anonymous,EN,2,1446056541786882055,6,4,,0,0,0,0,0,0,0,1,0,0
2021-12-09 22:19:04,2021-12-10 00:46:10,0,122.161.94.178,100,8826,1,2021-12-10 00:46:11,R_6KinOgfrTAlPBqp,,,,,28.4597015380859375,77.0281982421875,anonymous,EN,2,1038650419759722496,5,8,,0,0,0,0,0,0,0,0,0,3
2021-12-10 00:46:13,2021-12-10 00:56:23,0,122.161.94.178,100,610,1,2021-12-10 00:56:24,R_oYJR47Ahxc9WuFb,,,,,28.4597015380859375,77.0281982421875,anonymous,EN,2,1063543253520154624,1,1,,0,0,0,0,0,0,0,0,0,0
2021-12-10 00:56:24,2021-12-10 00:57:18,0,122.161.94.178,100,53,1,2021-12-10 00:57:19,R_1gurfJWyIboxAFS,,,,,28.4597015380859375,77.0281982421875,anonymous,EN,2,1422304808418095106,4,1,,0,0,0,0,0,0,0,0,0,0
2021-12-10 00:57:20,2021-12-10 00:58:10,0,122.161.94.178,100,49,1,2021-12-10 00:58:10,R_3oA8SOxFDKWLM7c,,,,,28.4597015380859375,77.0281982421875,anonymous,EN,2,1411984620405526528,6,7,,0,0,0,0,0,0,0,1,0,0
2021-12-10 00:58:11,2021-12-10 01:13:34,0,122.161.94.178,100,922,1,2021-12-10 01:13:34,R_1eQya8ng441J2AK,,,,,28.4597015380859375,77.0281982421875,anonymous,EN,2,1463820012414808068,4,1,,0,0,0,0,0,0,0,0,0,0
2021-12-10 01:13:41,2021-12-10 06:12:07,0,122.161.94.178,100,17905,1,2021-12-10 06:12:08,R_87Foi9IiJzpDnIR,,,,,28.4597015380859375,77.0281982421875,anonymous,EN,2,1457949825002049537,11,4,,0,1,0,0,0,0,0,0,0,0
2021-12-10 06:12:09,2021-12-10 06:13:08,0,122.161.94.178,100,59,1,2021-12-10 06:13:09,R_3EMbJflupD6ShT5,,,,,28.4597015380859375,77.0281982421875,anonymous,EN,2,1460216016890257410,12,10,,0,0,0,0,1,0,0,0,0,0
2021-12-10 06:13:10,2021-12-10 06:14:11,0,122.161.94.178,100,60,1,2021-12-10 06:14:11,R_2Cljc1xJkzKS0tr,,,,,28.4597015380859375,77.0281982421875,anonymous,EN,2,770700609813118976,5,8,,0,0,0,0,0,0,0,0,0,3
2021-12-10 06:14:12,2021-12-10 06:15:29,0,122.161.94.178,100,76,1,2021-12-10 06:15:29,R_27agWrKTArHx9hs,,,,,28.4597015380859375,77.0281982421875,anonymous,EN,2,654862956715507712,2,11,tweet reply,0,1,0,0,0,0,0,0,0,0
2021-12-10 06:15:30,2021-12-10 06:16:22,0,122.161.94.178,100,51,1,2021-12-10 06:16:23,R_3PFSUgCc1RB5UPk,,,,,28.4597015380859375,77.0281982421875,anonymous,EN,2,1456699590439280641,9,6,,0,0,0,0,0,0,0,0,0,0
2021-12-10 06:16:25,2021-12-10 06:17:27,0,122.161.94.178,100,61,1,2021-12-10 06:17:27,R_3qV9JYaUG3KbIa8,,,,,28.4597015380859375,77.0281982421875,anonymous,EN,2,1446273389895819272,9,6,,1,0,0,0,0,0,0,0,0,0
2021-12-10 06:17:28,2021-12-10 06:18:19,0,122.161.94.178,100,50,1,2021-12-10 06:18:19,R_2E7dhm9PV1XKKXb,,,,,28.4597015380859375,77.0281982421875,anonymous,EN,2,1465324638570000391,6,7,,0,0,0,0,0,0,0,0,0,0
2021-12-10 06:18:21,2021-12-10 06:19:13,0,122.161.94.178,100,51,1,2021-12-10 06:19:13,R_3kk1o2gr28ErUYD,,,,,28.4597015380859375,77.0281982421875,anonymous,EN,2,1324461270922309634,1,1,,0,0,0,0,0,0,0,0,0,0
2021-12-10 06:19:15,2021-12-10 06:20:05,0,122.161.94.178,100,50,1,2021-12-10 06:20:06,R_1BSeP2EAxX74KLD,,,,,28.4597015380859375,77.0281982421875,anonymous,EN,2,1008282123285876738,3,6,,0,0,0,0,0,0,0,0,1,3
2021-12-10 06:20:12,2021-12-10 06:21:16,0,122.161.94.178,100,64,1,2021-12-10 06:21:16,R_1DwLUmdTYPS50Eu,,,,,28.4597015380859375,77.0281982421875,anonymous,EN,2,1448308447087374343,10,3,,0,0,0,0,0,0,0,0,0,3
2021-12-10 06:21:18,2021-12-10 06:22:25,0,122.161.94.178,100,67,1,2021-12-10 06:22:25,R_1kNAGw4GrjfP7xH,,,,,28.4597015380859375,77.0281982421875,anonymous,EN,2,1402003312292081669,12,4,,1,0,0,0,0,0,0,0,0,0
2021-12-10 06:22:27,2021-12-10 06:23:25,0,122.161.94.178,100,58,1,2021-12-10 06:23:26,R_2dWSMYlMJ0o6o0C,,,,,28.4597015380859375,77.0281982421875,anonymous,EN,2,661361003129630720,2,8,,0,0,0,0,0,1,1,0,0,0
2021-12-10 06:23:27,2021-12-10 06:24:12,0,122.161.94.178,100,45,1,2021-12-10 06:24:12,R_27yedeh7u8VXdEU,,,,,28.4597015380859375,77.0281982421875,anonymous,EN,2,1440812712829669379,10,1,,0,0,0,0,0,0,0,0,0,0
2021-12-10 06:24:14,2021-12-10 06:24:58,0,122.161.94.178,100,43,1,2021-12-10 06:24:58,R_3OiTFh2po6scEUF,,,,,28.4597015380859375,77.0281982421875,anonymous,EN,2,1410906706318704645,10,1,,0,0,0,0,0,0,0,0,0,0
2021-12-10 06:24:59,2021-12-10 06:25:40,0,122.161.94.178,100,40,1,2021-12-10 06:25:40,R_21EuRZ29Gm5CrAD,,,,,28.4597015380859375,77.0281982421875,anonymous,EN,2,1440696655674679306,4,2,,0,0,0,0,0,0,0,0,0,0
2021-12-10 06:25:41,2021-12-10 06:26:30,0,122.161.94.178,100,48,1,2021-12-10 06:26:31,R_31myrkQ6EInH4tS,,,,,28.4597015380859375,77.0281982421875,anonymous,EN,2,1408093561514606594,7,1,,0,0,0,0,0,0,0,0,0,0
2021-12-10 06:26:32,2021-12-10 06:27:29,0,122.161.94.178,100,56,1,2021-12-10 06:27:29,R_3MPTAd48AAfGlel,,,,,28.4597015380859375,77.0281982421875,anonymous,EN,2,1430641438472261634,10,2,,0,0,0,0,0,0,0,0,0,0
2021-12-10 06:27:30,2021-12-10 06:35:53,0,122.161.94.178,100,502,1,2021-12-10 06:35:53,R_3QGc2K8bI4dGt7K,,,,,28.4597015380859375,77.0281982421875,anonymous,EN,2,1421837182403239938,10,1,,0,0,0,0,0,0,0,0,0,0
2021-12-10 06:35:55,2021-12-10 06:36:46,0,122.161.94.178,100,51,1,2021-12-10 06:36:47,R_1OuTdlQwyEWtnCs,,,,,28.4597015380859375,77.0281982421875,anonymous,EN,2,644344592695992320,2,6,,1,0,0,0,0,0,0,0,0,3
2021-12-10 06:36:48,2021-12-10 06:37:48,0,122.161.94.178,100,59,1,2021-12-10 06:37:48,R_1re73ilcvktlNVb,,,,,28.4597015380859375,77.0281982421875,anonymous,EN,2,1097830545516417028,1,1,,0,0,0,0,0,0,0,0,0,0
2021-12-10 06:37:52,2021-12-10 06:38:38,0,122.161.94.178,100,45,1,2021-12-10 06:38:38,R_0OMHxkcMpQeMoVz,,,,,28.4597015380859375,77.0281982421875,anonymous,EN,2,1329168505439203333,7,1,,1,0,0,0,0,0,0,0,1,0
2021-12-10 06:38:40,2021-12-10 06:39:41,0,122.161.94.178,100,61,1,2021-12-10 06:39:42,R_1PXV6baXQItRjOr,,,,,28.4597015380859375,77.0281982421875,anonymous,EN,2,1445863938005118976,10,3,,1,0,0,0,0,0,0,1,0,1
2021-12-10 06:39:44,2021-12-10 06:40:53,0,122.161.94.178,100,69,1,2021-12-10 06:40:54,R_2WHfh7ixRYsh3ad,,,,,28.4597015380859375,77.0281982421875,anonymous,EN,2,1462950274834866182,11,8,,1,0,0,0,0,0,0,0,0,0
2021-12-10 06:40:55,2021-12-10 06:42:12,0,122.161.94.178,100,76,1,2021-12-10 06:42:12,R_3oACBJMYV4Iuqdh,,,,,28.4597015380859375,77.0281982421875,anonymous,EN,2,1394442110762369024,7,1,,0,0,0,0,0,0,0,0,0,0
2021-12-10 06:42:13,2021-12-10 06:44:06,0,122.161.94.178,100,112,1,2021-12-10 06:44:06,R_cZ8bkbvBtLxZVHr,,,,,28.4597015380859375,77.0281982421875,anonymous,EN,2,1423086352908931072,12,6,,0,0,0,0,1,0,0,0,0,0
2021-12-10 06:44:08,2021-12-10 06:49:38,0,122.161.94.178,100,329,1,2021-12-10 06:49:38,R_T8iF5ySWJ4Mw8vf,,,,,28.4597015380859375,77.0281982421875,anonymous,EN,2,1448358035785662468,6,7,,0,0,0,0,0,0,0,0,1,0
2021-12-10 06:49:40,2021-12-10 06:59:44,0,122.161.94.178,100,604,1,2021-12-10 06:59:45,R_qCoEV0bNQSADSwh,,,,,28.4597015380859375,77.0281982421875,anonymous,EN,2,1422908931412828166,10,1,,0,0,0,0,0,0,0,0,0,1
2021-12-10 06:59:47,2021-12-10 07:00:25,0,122.161.94.178,100,37,1,2021-12-10 07:00:25,R_1BSfxD4tRnWCKJE,,,,,28.4597015380859375,77.0281982421875,anonymous,EN,2,1330571843292499972,1,1,,0,0,0,0,0,0,0,0,0,0
2021-12-10 07:00:26,2021-12-10 07:01:22,0,122.161.94.178,100,56,1,2021-12-10 07:01:23,R_3p4q0LsjosaxiTK,,,,,28.4597015380859375,77.0281982421875,anonymous,EN,2,1441290733336633344,6,4,,0,0,0,0,0,0,0,0,0,0
2021-12-10 07:01:24,2021-12-10 07:02:26,0,122.161.94.178,100,62,1,2021-12-10 07:02:27,R_2w4wPaq6WEiOAcq,,,,,28.4597015380859375,77.0281982421875,anonymous,EN,2,1443308394413240331,10,1,,0,0,0,0,0,0,0,0,0,0
2021-12-10 07:02:28,2021-12-10 07:03:22,0,122.161.94.178,100,53,1,2021-12-10 07:03:22,R_2zr5mV4ghoBHAeQ,,,,,28.4597015380859375,77.0281982421875,anonymous,EN,2,1430698262462353413,9,6,,0,0,0,0,0,0,0,0,0,0
2021-12-10 07:03:23,2021-12-10 07:10:16,0,122.161.94.178,100,413,1,2021-12-10 07:10:17,R_71XMD5lG5ZiPgkN,,,,,28.4597015380859375,77.0281982421875,anonymous,EN,2,1367278120273903621,7,1,,1,0,0,0,0,1,0,0,0,0
2021-12-10 07:10:18,2021-12-10 07:11:24,0,122.161.94.178,100,66,1,2021-12-10 07:11:25,R_0dP8tVkITylik3D,,,,,28.4597015380859375,77.0281982421875,anonymous,EN,2,1194681876155420672,3,6,,0,0,0,0,0,0,0,0,0,1
2021-12-10 07:11:26,2021-12-10 07:12:21,0,122.161.94.178,100,54,1,2021-12-10 07:12:21,R_3DqqMgEroYIRlZu,,,,,28.4597015380859375,77.0281982421875,anonymous,EN,2,1451697932793700353,4,1,,0,0,0,0,0,0,0,0,0,0
2021-12-10 07:12:22,2021-12-10 07:13:11,0,122.161.94.178,100,49,1,2021-12-10 07:13:12,R_2dGS50hnCUIJoV4,,,,,28.4597015380859375,77.0281982421875,anonymous,EN,2,1454580004155641857,8,8,,0,0,0,0,0,0,0,0,0,0
2021-12-10 07:13:13,2021-12-10 07:14:22,0,122.161.94.178,100,69,1,2021-12-10 07:14:22,R_3fT4svI54eU3H8F,,,,,28.4597015380859375,77.0281982421875,anonymous,EN,2,1085913527322271744,1,6,,1,0,0,0,0,0,0,0,0,3
2021-12-10 07:14:24,2021-12-10 07:16:19,0,122.161.94.178,100,115,1,2021-12-10 07:16:19,R_4186aqvaUnpEhA5,,,,,28.4597015380859375,77.0281982421875,anonymous,EN,2,1443593677708857346,4,11,,0,0,0,0,0,0,0,0,0,0
2021-12-10 07:16:20,2021-12-10 07:17:00,0,122.161.94.178,100,40,1,2021-12-10 07:17:01,R_3CAZs2YdrOXTzHf,,,,,28.4597015380859375,77.0281982421875,anonymous,EN,2,1336989210067296256,7,1,,0,0,0,0,0,0,0,0,0,0
2021-12-10 07:17:02,2021-12-10 07:18:27,0,122.161.94.178,100,85,1,2021-12-10 07:18:28,R_2bV1zsIfmVE3H1C,,,,,28.4597015380859375,77.0281982421875,anonymous,EN,2,1424689240684781578,4,1,,0,0,0,0,0,0,0,0,0,0
2021-12-10 07:18:29,2021-12-10 07:19:33,0,122.161.94.178,100,63,1,2021-12-10 07:19:33,R_2c5yudBi9PbQdgi,,,,,28.4597015380859375,77.0281982421875,anonymous,EN,2,1425123360665710596,10,1,,0,0,0,0,0,0,0,0,0,0
2021-12-10 07:19:38,2021-12-10 07:20:42,0,122.161.94.178,100,64,1,2021-12-10 07:20:43,R_2VDYECu8XXA9jiT,,,,,28.4597015380859375,77.0281982421875,anonymous,EN,2,1431595470506414082,10,2,,0,0,0,0,0,0,0,0,0,0
2021-12-10 07:20:44,2021-12-10 07:21:30,0,122.161.94.178,100,45,1,2021-12-10 07:21:30,R_3CZ7g6c4zjzO6sl,,,,,28.4597015380859375,77.0281982421875,anonymous,EN,2,1078703907134570496,1,11,,0,0,1,0,0,0,0,0,0,0
2021-12-10 07:21:32,2021-12-10 07:22:58,0,122.161.94.178,100,86,1,2021-12-10 07:22:59,R_2Bo1vKpFUD63fvK,,,,,28.4597015380859375,77.0281982421875,anonymous,EN,2,1006857002411331584,5,8,,0,0,0,0,0,0,0,0,0,3
2021-12-10 07:23:00,2021-12-10 07:24:01,0,122.161.94.178,100,60,1,2021-12-10 07:24:01,R_2cA7QstNKs6a282,,,,,28.4597015380859375,77.0281982421875,anonymous,EN,2,1048031537793388544,1,1,,0,0,0,0,0,0,0,0,0,3
2021-12-10 07:24:02,2021-12-10 07:24:56,0,122.161.94.178,100,54,1,2021-12-10 07:24:57,R_2OGE72AP3GOiYSD,,,,,28.4597015380859375,77.0281982421875,anonymous,EN,2,1327341465094197256,1,1,,0,0,0,0,0,0,0,0,0,0
2021-12-10 07:24:58,2021-12-10 07:26:06,0,122.161.94.178,100,67,1,2021-12-10 07:26:06,R_1eFDUUENjicRbb7,,,,,28.4597015380859375,77.0281982421875,anonymous,EN,2,676964182747701252,2,8,,0,0,0,0,0,0,0,0,0,1
2021-12-10 07:26:08,2021-12-10 07:29:34,0,122.161.94.178,100,206,1,2021-12-10 07:29:35,R_3b0ag217nQZ3qDv,,,,,28.4597015380859375,77.0281982421875,anonymous,EN,2,1442158779521507335,9,7,,0,0,0,0,0,0,0,0,0,0
2021-12-10 07:29:37,2021-12-10 07:31:47,0,122.161.94.178,100,130,1,2021-12-10 07:31:48,R_OALZ3H2VybC3zVL,,,,,28.4597015380859375,77.0281982421875,anonymous,EN,2,1456975908112257030,11,8,,0,0,0,0,0,0,0,1,0,0
2021-12-10 07:32:24,2021-12-10 07:37:34,0,122.161.94.178,100,309,1,2021-12-10 07:37:34,R_6DuXt3kVgdXUIc9,,,,,28.4597015380859375,77.0281982421875,anonymous,EN,2,1341861933696364544,1,2,,0,0,0,0,0,0,0,0,0,0
2021-12-10 07:37:40,2021-12-10 07:38:39,0,122.161.94.178,100,59,1,2021-12-10 07:38:40,R_2PdSLEJXWrV3kQT,,,,,28.4597015380859375,77.0281982421875,anonymous,EN,2,1351862236688605185,1,1,,0,0,0,0,0,0,0,0,0,0
2021-12-10 07:38:41,2021-12-10 07:40:04,0,122.161.94.178,100,82,1,2021-12-10 07:40:04,R_2YhQhEcLC3r8C5M,,,,,28.4597015380859375,77.0281982421875,anonymous,EN,2,1272915749103898624,7,1,,0,0,0,0,0,0,0,0,0,0
2021-12-10 07:40:06,2021-12-10 07:41:02,0,122.161.94.178,100,55,1,2021-12-10 07:41:02,R_3HODkF0RGYqX1Zc,,,,,28.4597015380859375,77.0281982421875,anonymous,EN,2,647513617361973248,2,8,,0,0,0,0,0,0,0,1,0,2
2021-12-10 07:41:04,2021-12-10 07:42:56,0,122.161.94.178,100,112,1,2021-12-10 07:42:56,R_3DjBdLpyqOQUV6D,,,,,28.4597015380859375,77.0281982421875,anonymous,EN,2,1333864446209511425,7,1,,0,0,0,0,0,0,0,0,0,0
2021-12-10 07:42:57,2021-12-10 07:44:54,0,122.161.94.178,100,116,1,2021-12-10 07:44:55,R_1relfsEWIeJHfST,,,,,28.4597015380859375,77.0281982421875,anonymous,EN,2,1260785662770450437,7,9,,0,0,0,0,0,0,0,0,0,0
2021-12-10 07:44:56,2021-12-10 07:46:30,0,122.161.94.178,100,93,1,2021-12-10 07:46:30,R_aeBKl9IUZEgFs8p,,,,,28.4597015380859375,77.0281982421875,anonymous,EN,2,1465773377071812611,11,2,,0,0,0,0,0,0,0,0,0,0
2021-12-10 07:46:32,2021-12-10 07:47:51,0,122.161.94.178,100,79,1,2021-12-10 07:47:52,R_SAAtc0PIM8iESIh,,,,,28.4597015380859375,77.0281982421875,anonymous,EN,2,1195035187702358016,3,6,,0,0,0,0,1,0,0,0,0,1
2021-12-10 07:47:53,2021-12-10 07:48:36,0,122.161.94.178,100,42,1,2021-12-10 07:48:36,R_6lHD7Eb0ls4kZS9,,,,,28.4597015380859375,77.0281982421875,anonymous,EN,2,1430585016560590849,9,6,,0,0,0,0,0,0,0,1,0,0
2021-12-10 07:48:37,2021-12-10 07:49:26,0,122.161.94.178,100,48,1,2021-12-10 07:49:26,R_1fZW7GnyVc91uor,,,,,28.4597015380859375,77.0281982421875,anonymous,EN,2,863922604406480896,5,8,,0,0,0,0,1,0,0,0,0,0
2021-12-10 07:49:27,2021-12-10 07:50:19,0,122.161.94.178,100,52,1,2021-12-10 07:50:19,R_eM2gagHUhHt1qyB,,,,,28.4597015380859375,77.0281982421875,anonymous,EN,2,963933484774502400,5,6,,0,0,0,0,0,0,0,0,0,0
